{"cameraMode":{"drawMode":0,"name":"Shaded","section":"Shading Mode"},"sceneLighting":false,"audioPlay":false,"sceneViewState":{"m_AlwaysRefresh":false,"showFog":true,"showSkybox":false,"showFlares":true,"showImageEffects":true,"showParticleSystems":true,"showVisualEffectGraphs":true,"m_FxEnabled":true},"in2DMode":false,"pivot":{"x":-0.05767768621444702,"y":0.3082450032234192,"z":2.058331251144409},"rotation":{"x":0.05890658497810364,"y":0.8335715532302856,"z":-0.09063775837421417,"w":0.5417318344116211},"size":0.7946536540985107,"orthographic":false}